{"cameraMode":{"drawMode":0,"name":"Shaded","section":"Shading Mode"},"sceneLighting":true,"audioPlay":false,"sceneViewState":{"m_AlwaysRefresh":false,"showFog":true,"showSkybox":true,"showFlares":true,"showImageEffects":true,"showParticleSystems":true,"showVisualEffectGraphs":true,"m_FxEnabled":true},"in2DMode":false,"pivot":{"x":1048.790283203125,"y":3.4608306884765627,"z":10.473125457763672},"rotation":{"x":-0.011084916070103646,"y":-0.3829338252544403,"z":-0.004595476668328047,"w":0.9236982464790344},"size":16.22852897644043,"orthographic":false}